文件名,类别,翻译类别名,样本名称,名称翻译,采集时间
AMPHIBOLES.csv,Minerals,矿物成分,AMPHIBOLES,角闪石,10/13/2021 
APATITES.csv,Minerals,矿物成分,APATITES,磷灰石,10/13/2021 
CARBONATES.csv,Minerals,矿物成分,CARBONATES,碳酸盐,10/13/2021 
CHALCOGENIDES.csv,Minerals,矿物成分,CHALCOGENIDES,硫属化合物,10/13/2021 
CLAY MINERALS.csv,Minerals,矿物成分,CLAY MINERALS,粘土矿物,10/13/2021 
CLINOPYROXENES.csv,Minerals,矿物成分,CLINOPYROXENES,单斜辉石,10/13/2021 
FELDSPARS.csv,Minerals,矿物成分,FELDSPARS,长石,10/13/2021 
FELDSPATHOIDES.csv,Minerals,矿物成分,FELDSPATHOIDES,长石,10/13/2021 
GARNETS.csv,Minerals,矿物成分,GARNETS,石榴石,10/13/2021 
ILMENITES.csv,Minerals,矿物成分,ILMENITES,钛铁矿,10/13/2021 
MICA.csv,Minerals,矿物成分,MICA,云母,10/13/2021 
OLIVINES.csv,Minerals,矿物成分,OLIVINES,橄榄石,10/13/2021 
ORTHOPYROXENES.csv,Minerals,矿物成分,ORTHOPYROXENES,正辉石,10/13/2021 
PEROVSKITES.csv,Minerals,矿物成分,PEROVSKITES,钙钛矿,10/13/2021 
PYROXENES.csv,Minerals,矿物成分,PYROXENES,辉石,10/13/2021 
QUARTZ.csv,Minerals,矿物成分,QUARTZ,石英,10/13/2021 
SPINELS.csv,Minerals,矿物成分,SPINELS,尖晶石,10/13/2021 
TITANITES.csv,Minerals,矿物成分,TITANITES,钛铁矿,10/13/2021 
ZIRCONS.csv,Minerals,矿物成分,ZIRCONS,锆石,10/13/2021 
ADAKITE.csv,Rocks,岩石成分,ADAKITE,埃达克岩,10/13/2021 
ANDESITE BASALTIC part1.csv,Rocks,岩石成分,ANDESITE BASALTIC part1,安山-玄武岩第1部分,10/13/2021 
ANDESITE BASALTIC part2.csv,Rocks,岩石成分,ANDESITE BASALTIC part2,安山-玄武岩第2部分,10/13/2021 
ANDESITE part1.csv,Rocks,岩石成分,ANDESITE part1,安山岩第1部分,10/13/2021 
ANDESITE part2.csv,Rocks,岩石成分,ANDESITE part2,安山岩第2部分,10/13/2021 
ANDESITE part3.csv,Rocks,岩石成分,ANDESITE part3,安山岩第3部分,10/13/2021 
ANDESITE part4.csv,Rocks,岩石成分,ANDESITE part4,安山岩第4部分,10/13/2021 
ANDESITE part5.csv,Rocks,岩石成分,ANDESITE part5,安山岩第5部分,10/13/2021 
ANKARAMITE.csv,Rocks,岩石成分,ANKARAMITE,橄榄辉玄岩,10/13/2021 
BASALT part1.csv,Rocks,岩石成分,BASALT part1,玄武岩第1部分,10/13/2021 
BASALT part2.csv,Rocks,岩石成分,BASALT part2,玄武岩第2部分,10/13/2021 
BASALT part3.csv,Rocks,岩石成分,BASALT part3,玄武岩第3部分,10/13/2021 
BASALT part4.csv,Rocks,岩石成分,BASALT part4,玄武岩第4部分,10/13/2021 
BASALT part5.csv,Rocks,岩石成分,BASALT part5,玄武岩第5部分,10/13/2021 
BASALT part6.csv,Rocks,岩石成分,BASALT part6,玄武岩第6部分,10/13/2021 
BASALT part7.csv,Rocks,岩石成分,BASALT part7,玄武岩第7部分,10/13/2021 
BASALT part8.csv,Rocks,岩石成分,BASALT part8,玄武岩第8部分,10/13/2021 
BASALT part9.csv,Rocks,岩石成分,BASALT part9,玄武岩第9部分,10/13/2021 
BASANITE.csv,Rocks,岩石成分,BASANITE,碧玄岩,10/13/2021 
BENMOREITE.csv,Rocks,岩石成分,BENMOREITE,歪长粗面岩,10/13/2021 
BONINITE.csv,Rocks,岩石成分,BONINITE,玻古安山岩,10/13/2021 
CARBONATITE.csv,Rocks,岩石成分,CARBONATITE,碳酸盐岩,10/13/2021 
COMENDITE.csv,Rocks,岩石成分,COMENDITE,钠闪碱流岩,10/13/2021 
DACITE part1.csv,Rocks,岩石成分,DACITE part1,英安岩第1部分,10/13/2021 
DACITE part2.csv,Rocks,岩石成分,DACITE part2,英安岩第2部分,10/13/2021 
DIABASE.csv,Rocks,岩石成分,DIABASE,辉绿岩,10/13/2021 
DIORITE.csv,Rocks,岩石成分,DIORITE,闪长岩,10/13/2021 
DOLERITE.csv,Rocks,岩石成分,DOLERITE,辉绿岩,10/13/2021 
DUNITE.csv,Rocks,岩石成分,DUNITE,纯橄榄岩,10/13/2021 
FOIDITE.csv,Rocks,岩石成分,FOIDITE,似长石岩,10/13/2021 
GABBRO.csv,Rocks,岩石成分,GABBRO,辉长岩,10/13/2021 
GRANITE part1.csv,Rocks,岩石成分,GRANITE part1,花岗岩第1部分,10/13/2021 
GRANITE part2.csv,Rocks,岩石成分,GRANITE part2,花岗岩第2部分,10/13/2021 
GRANODIORITE.csv,Rocks,岩石成分,GRANODIORITE,花岗闪长岩,10/13/2021 
HARZBURGITE.csv,Rocks,岩石成分,HARZBURGITE,方辉橄榄岩,10/13/2021 
HAWAIITE.csv,Rocks,岩石成分,HAWAIITE,夏威夷岩,10/13/2021 
KIMBERLITE.csv,Rocks,岩石成分,KIMBERLITE,金伯利岩,10/13/2021 
KOMATIITE.csv,Rocks,岩石成分,KOMATIITE,科马提岩,10/13/2021 
LAMPROITE.csv,Rocks,岩石成分,LAMPROITE,煌斑岩,10/13/2021 
LAMPROPHYRE.csv,Rocks,岩石成分,LAMPROPHYRE,煌斑岩,10/13/2021 
LATITE.csv,Rocks,岩石成分,LATITE,安粗岩，二长安山岩,10/13/2021 
LEUCITITE.csv,Rocks,岩石成分,LEUCITITE,白榴石岩,10/13/2021 
LHERZOLITE.csv,Rocks,岩石成分,LHERZOLITE,二辉橄榄岩,10/13/2021 
MELILITITE.csv,Rocks,岩石成分,MELILITITE,黄长岩,10/13/2021 
MUGEARITE.csv,Rocks,岩石成分,MUGEARITE,橄榄粗安岩,10/13/2021 
NEPHELINITE.csv,Rocks,岩石成分,NEPHELINITE,霞岩,10/13/2021 
OCEANITE.csv,Rocks,岩石成分,OCEANITE,大洋岩，富橄暗玄岩,10/13/2021 
ORTHOPYROXENITE.csv,Rocks,岩石成分,ORTHOPYROXENITE,斜方辉岩,10/13/2021 
PANTELLERITE.csv,Rocks,岩石成分,PANTELLERITE,碱流岩,10/13/2021 
PERIDOTITE.csv,Rocks,岩石成分,PERIDOTITE,橄榄岩,10/13/2021 
PHONOLITE.csv,Rocks,岩石成分,PHONOLITE,响岩,10/13/2021 
PHONOTEPHRITE.csv,Rocks,岩石成分,PHONOTEPHRITE,响岩质碱玄岩,10/13/2021 
PHOSCORITE.csv,Rocks,岩石成分,PHOSCORITE,磁铁橄磷岩,10/13/2021 
PICRITE.csv,Rocks,岩石成分,PICRITE,苦橄岩,10/13/2021 
PYROXENITE.csv,Rocks,岩石成分,PYROXENITE,辉石岩,10/13/2021 
RHYODACITE.csv,Rocks,岩石成分,RHYODACITE,流纹英安岩,10/13/2021 
RHYOLITE part1.csv,Rocks,岩石成分,RHYOLITE part1,流纹岩第1部分,10/13/2021 
RHYOLITE part2.csv,Rocks,岩石成分,RHYOLITE part2,流纹岩第2部分,10/13/2021 
RHYOLITE part3.csv,Rocks,岩石成分,RHYOLITE part3,流纹岩第3部分,10/13/2021 
SHOSHONITE.csv,Rocks,岩石成分,SHOSHONITE,钾玄岩,10/13/2021 
TEPHRITE.csv,Rocks,岩石成分,TEPHRITE,碱玄岩,10/13/2021 
THOLEIITE part1.csv,Rocks,岩石成分,THOLEIITE part1,拉斑玄武岩第1部分,10/13/2021 
THOLEIITE part2.csv,Rocks,岩石成分,THOLEIITE part2,拉斑玄武岩第2部分,10/13/2021 
TONALITE.csv,Rocks,岩石成分,TONALITE,英云闪长岩,10/13/2021 
TRACHYANDESITE.csv,Rocks,岩石成分,TRACHYANDESITE,粗安岩,10/13/2021 
TRACHYBASALT.csv,Rocks,岩石成分,TRACHYBASALT,粗面玄武岩,10/13/2021 
TRACHYBASANITE.csv,Rocks,岩石成分,TRACHYBASANITE,粗面碧玄岩,10/13/2021 
TRACHYDACITE.csv,Rocks,岩石成分,TRACHYDACITE,粗面英安岩,10/13/2021 
TRACHYDOLERITE.csv,Rocks,岩石成分,TRACHYDOLERITE,粗面徨绿岩,10/13/2021 
TRACHYPHONOLITE.csv,Rocks,岩石成分,TRACHYPHONOLITE,粗面响岩,10/13/2021 
TRACHYTE.csv,Rocks,岩石成分,TRACHYTE,粗面岩,10/13/2021 
WEHRLITE.csv,Rocks,岩石成分,WEHRLITE,异剥橄榄岩,10/13/2021 
ALDAN SHIELD - ARCHEAN.csv,Archean_Cratons,太古代克拉通,ALDAN SHIELD ARCHEAN,,10/13/2021 
AMAZONIA CRATON.csv,Archean_Cratons,太古代克拉通,AMAZONIA CRATON,,10/13/2021 
BALTIC SHIELD - ARCHEAN.csv,Archean_Cratons,太古代克拉通,BALTIC SHIELD ARCHEAN,,10/13/2021 
BASTAR CRATON ARCHEAN.csv,Archean_Cratons,太古代克拉通,BASTAR CRATON ARCHEAN,,10/13/2021 
BUNDELKHAND CRATON.csv,Archean_Cratons,太古代克拉通,BUNDELKHAND CRATON,,10/13/2021 
CHURCHILL PROVINCE ARCHEAN.csv,Archean_Cratons,太古代克拉通,CHURCHILL PROVINCE ARCHEAN,,10/13/2021 
CONGO CRATON.csv,Archean_Cratons,太古代克拉通,CONGO CRATON,,10/13/2021 
DHARWAR CRATON ARCHEAN.csv,Archean_Cratons,太古代克拉通,DHARWAR CRATON ARCHEAN,,10/13/2021 
GAWLER CRATON.csv,Archean_Cratons,太古代克拉通,GAWLER CRATON,,10/13/2021 
KAAPVAAL CRATON ARCHEAN.csv,Archean_Cratons,太古代克拉通,KAAPVAAL CRATON ARCHEAN,,10/13/2021 
LIMPOPO BELT.csv,Archean_Cratons,太古代克拉通,LIMPOPO BELT,,10/13/2021 
NORTH ATLANTIC CRATON ARCHEAN.csv,Archean_Cratons,太古代克拉通,NORTH ATLANTIC CRATON ARCHEAN,,10/13/2021 
NORTH CHINA CRATON.csv,Archean_Cratons,太古代克拉通,NORTH CHINA CRATON,,10/13/2021 
OKHOTSK-OMOLON CRATON.csv,Archean_Cratons,太古代克拉通,OKHOTSK OMOLON CRATON,,10/13/2021 
RAE CRATON ARCHEAN.csv,Archean_Cratons,太古代克拉通,RAE CRATON ARCHEAN,,10/13/2021 
SAO FRANCISCO CRATON ARCHEAN.csv,Archean_Cratons,太古代克拉通,SAO FRANCISCO CRATON ARCHEAN,,10/13/2021 
SARMATIAN CRATON ARCHEAN.csv,Archean_Cratons,太古代克拉通,SARMATIAN CRATON ARCHEAN,,10/13/2021 
SIBERIAN CRATON ARCHEAN.csv,Archean_Cratons,太古代克拉通,SIBERIAN CRATON ARCHEAN,,10/13/2021 
SINGHBHUM CRATON ARCHEAN.csv,Archean_Cratons,太古代克拉通,SINGHBHUM CRATON ARCHEAN,,10/13/2021 
SLAVE PROVINCE ARCHEAN.csv,Archean_Cratons,太古代克拉通,SLAVE PROVINCE ARCHEAN,,10/13/2021 
SUPERIOR PROVINCE ARCHEAN.csv,Archean_Cratons,太古代克拉通,SUPERIOR PROVINCE ARCHEAN,,10/13/2021 
TANZANIA CRATON ARCHEAN.csv,Archean_Cratons,太古代克拉通,TANZANIA CRATON ARCHEAN,,10/13/2021 
UKRAINIAN SHIELD ARCHEAN.csv,Archean_Cratons,太古代克拉通,UKRAINIAN SHIELD ARCHEAN,,10/13/2021 
WEST AFRICAN CRATON.csv,Archean_Cratons,太古代克拉通,WEST AFRICAN CRATON,,10/13/2021 
WEST AUSTRALIAN CRATON.csv,Archean_Cratons,太古代克拉通,WEST AUSTRALIAN CRATON,,10/13/2021 
WYOMING PROVINCE.csv,Archean_Cratons,太古代克拉通,WYOMING PROVINCE,,10/13/2021 
YANGTZE BLOCK.csv,Archean_Cratons,太古代克拉通,YANGTZE BLOCK,,10/13/2021 
ZIMBABWE CRATON ARCHEAN.csv,Archean_Cratons,太古代克拉通,ZIMBABWE CRATON ARCHEAN,,10/13/2021 
CENTRAL-NEW YORK KIMBERLITES.csv,Complex_Volcanic_Settings,复杂火山环境,CENTRAL NEW YORK KIMBERLITES,,10/13/2021 
ETNA SICILY.csv,Complex_Volcanic_Settings,复杂火山环境,ETNA SICILY,,10/13/2021 
FINGER LAKES FIELD NEW YORK.csv,Complex_Volcanic_Settings,复杂火山环境,FINGER LAKEFIELD NEW YORK,,10/13/2021 
HYBLEAN OR IBLEAN PLATEAU;SICILY.csv,Complex_Volcanic_Settings,复杂火山环境,HYBLEAN OR IBLEAN PLATEAU;SICILY,,10/13/2021 
OAXACA;MEXICO.csv,Complex_Volcanic_Settings,复杂火山环境,OAXACA;MEXICO,,10/13/2021 
POTIGUAR BASIN.csv,Complex_Volcanic_Settings,复杂火山环境,POTIGUAR BASIN,,10/13/2021 
USTICA ISLAND;ITALY.csv,Complex_Volcanic_Settings,复杂火山环境,USTICA ISLAND;ITALY,,10/13/2021 
AUSTRALIA.csv,Continental_Flood_Basalts,大陆溢流玄武岩,AUSTRALIA,,10/13/2021 
AVANAVERA LARGE IGNEOUS PROVINCE.csv,Continental_Flood_Basalts,大陆溢流玄武岩,AVANAVERA LARGE IGNEOUPROVINCE,,10/13/2021 
CENTRAL ATLANTIC MAGMATIC PROVINCE - CAMP.csv,Continental_Flood_Basalts,大陆溢流玄武岩,CENTRAL ATLANTIC MAGMATIC PROVINCE CAMP,,10/13/2021 
CHILCOTIN PLATEAU BASALTS.csv,Continental_Flood_Basalts,大陆溢流玄武岩,CHILCOTIN PLATEAU BASALTS,,10/13/2021 
COMEI LARGE IGNEOUS PROVINCE.csv,Continental_Flood_Basalts,大陆溢流玄武岩,COMEI LARGE IGNEOUPROVINCE,,10/13/2021 
DECCAN.csv,Continental_Flood_Basalts,大陆溢流玄武岩,DECCAN,,10/13/2021 
EMEISHAN.csv,Continental_Flood_Basalts,大陆溢流玄武岩,EMEISHAN,,10/13/2021 
ETENDEKA PROVINCE.csv,Continental_Flood_Basalts,大陆溢流玄武岩,ETENDEKA PROVINCE,,10/13/2021 
ETHIOPIAN PLATEAU.csv,Continental_Flood_Basalts,大陆溢流玄武岩,ETHIOPIAN PLATEAU,,10/13/2021 
FRANKLIN LARGE IGNEOUS PROVINCE.csv,Continental_Flood_Basalts,大陆溢流玄武岩,FRANKLIN LARGE IGNEOUPROVINCE,,10/13/2021 
GUNBARREL IGNEOUS EVENT - MAMMOTH-WESTERN CHANNEL LARGE IGNEOUS PROVINCE.csv,Continental_Flood_Basalts,大陆溢流玄武岩,GUNBARREL IGNEOUEVENT MAMMOTH WESTERN CHANNEL LARGE IGNEOUPROVINCE,,10/13/2021 
HIGH ARCTIC LARGE IGNEOUS PROVINCE.csv,Continental_Flood_Basalts,大陆溢流玄武岩,HIGH ARCTIC LARGE IGNEOUPROVINCE,,10/13/2021 
KAROO AND FERRAR PROVINCES.csv,Continental_Flood_Basalts,大陆溢流玄武岩,KAROO AND FERRAR PROVINCES,,10/13/2021 
KUONAMKA LARGE IGNEOUS PROVINCE.csv,Continental_Flood_Basalts,大陆溢流玄武岩,KUONAMKA LARGE IGNEOUPROVINCE,,10/13/2021 
KUZNETSK BASIN OR KUZBASS TRAPS.csv,Continental_Flood_Basalts,大陆溢流玄武岩,KUZNETSK BASIN OR KUZBASTRAPS,,10/13/2021 
LAKE VICTORIA LARGE IGNEOUS PROVINCE.csv,Continental_Flood_Basalts,大陆溢流玄武岩,LAKE VICTORIA LARGE IGNEOUPROVINCE,,10/13/2021 
MACKENZIE LARGE IGNEOUS PROVINCE.csv,Continental_Flood_Basalts,大陆溢流玄武岩,MACKENZIE LARGE IGNEOUPROVINCE,,10/13/2021 
MADAGASCAR FLOOD BASALT.csv,Continental_Flood_Basalts,大陆溢流玄武岩,MADAGASCAR FLOOD BASALT,,10/13/2021 
MAIMECHA-KOTUI PROVINCE.csv,Continental_Flood_Basalts,大陆溢流玄武岩,MAIMECHA KOTUI PROVINCE,,10/13/2021 
MALANI MAGMATIC PROVINCE;INDIA.csv,Continental_Flood_Basalts,大陆溢流玄武岩,MALANI MAGMATIC PROVINCE;INDIA,,10/13/2021 
MARATHON LARGE IGNEOUS PROVINCE.csv,Continental_Flood_Basalts,大陆溢流玄武岩,MARATHON LARGE IGNEOUPROVINCE,,10/13/2021 
MARNDA MOORN LARGE IGNEOUS PROVINCE.csv,Continental_Flood_Basalts,大陆溢流玄武岩,MARNDA MOORN LARGE IGNEOUPROVINCE,,10/13/2021 
MATACHEWAN LARGE IGNEOUS PROVINCE.csv,Continental_Flood_Basalts,大陆溢流玄武岩,MATACHEWAN LARGE IGNEOUPROVINCE,,10/13/2021 
MIDCONTINENT RIFT SYSTEM-KEWEENAWAN.csv,Continental_Flood_Basalts,大陆溢流玄武岩,MIDCONTINENT RIFT SYSTEM KEWEENAWAN,,10/13/2021 
MIDCONTINENT RIFT SYSTEM - KEWEENAWAN.csv,Continental_Flood_Basalts,大陆溢流玄武岩,MIDCONTINENT RIFT SYSTEM KEWEENAWAN,,10/13/2021 
NANDALING - YANSHAN BELT.csv,Continental_Flood_Basalts,大陆溢流玄武岩,NANDALING YANSHAN BELT,,10/13/2021 
NILUFER UNIT - YENISEHIR ASSOCIATION - PONTIDES.csv,Continental_Flood_Basalts,大陆溢流玄武岩,NILUFER UNIT YENISEHIR ASSOCIATION PONTIDES,,10/13/2021 
NORTH ATLANTIC IGNEOUS PROVINCE OR NAIP.csv,Continental_Flood_Basalts,大陆溢流玄武岩,NORTH ATLANTIC IGNEOUPROVINCE OR NAIP,,10/13/2021 
NORTH GREENLAND PROTEROZOIC.csv,Continental_Flood_Basalts,大陆溢流玄武岩,NORTH GREENLAND PROTEROZOIC,,10/13/2021 
PANJAL-SOUTH QIANGTANG LARGE IGNEOUS PROVINCE.csv,Continental_Flood_Basalts,大陆溢流玄武岩,PANJAL SOUTH QIANGTANG LARGE IGNEOUPROVINCE,,10/13/2021 
PARANA.csv,Continental_Flood_Basalts,大陆溢流玄武岩,PARANA,,10/13/2021 
QIANGTANG FLOOD BASALT PROVINCE.csv,Continental_Flood_Basalts,大陆溢流玄武岩,QIANGTANG FLOOD BASALT PROVINCE,,10/13/2021 
RAJAHMUNDRY TRAPS.csv,Continental_Flood_Basalts,大陆溢流玄武岩,RAJAHMUNDRY TRAPS,,10/13/2021 
RAJMAHAL-BENGAL-SYLHET.csv,Continental_Flood_Basalts,大陆溢流玄武岩,RAJMAHAL BENGAL SYLHET,,10/13/2021 
RAMPUR-GARHWAL-MANDI-DARLA PROVINCE.csv,Continental_Flood_Basalts,大陆溢流玄武岩,RAMPUR GARHWAL MANDI DARLA PROVINCE,,10/13/2021 
SEILAND IGNEOUS PROVINCE.csv,Continental_Flood_Basalts,大陆溢流玄武岩,SEILAND IGNEOUPROVINCE,,10/13/2021 
SIBERIAN TRAPS.csv,Continental_Flood_Basalts,大陆溢流玄武岩,SIBERIAN TRAPS,,10/13/2021 
SOUTH TETHYAN SUTURE ZONE - PAKISTAN.csv,Continental_Flood_Basalts,大陆溢流玄武岩,SOUTH TETHYAN SUTURE ZONE PAKISTAN,,10/13/2021 
TARIM LARGE IGNEOUS PROVINCE.csv,Continental_Flood_Basalts,大陆溢流玄武岩,TARIM LARGE IGNEOUPROVINCE,,10/13/2021 
TIBESTI VOLCANIC PROVINCE.csv,Continental_Flood_Basalts,大陆溢流玄武岩,TIBESTI VOLCANIC PROVINCE,,10/13/2021 
UMKONDO LARGE IGNEOUS PROVINCE.csv,Continental_Flood_Basalts,大陆溢流玄武岩,UMKONDO LARGE IGNEOUPROVINCE,,10/13/2021 
WRANGELLIA.csv,Continental_Flood_Basalts,大陆溢流玄武岩,WRANGELLIA,,10/13/2021 
YELLOWSTONE-SNAKE RIVER PLAIN VOLCANIC PROVINCE.csv,Continental_Flood_Basalts,大陆溢流玄武岩,YELLOWSTONE SNAKE RIVER PLAIN VOLCANIC PROVINCE,,10/13/2021 
YEMEN PLATEAU.csv,Continental_Flood_Basalts,大陆溢流玄武岩,YEMEN PLATEAU,,10/13/2021 
AEGEAN ARC.csv,Convergent_Margins,板块汇聚边缘,AEGEAN ARC,,10/13/2021 
AEOLIAN ARC.csv,Convergent_Margins,板块汇聚边缘,AEOLIAN ARC,,10/13/2021 
ALEUTIAN ARC.csv,Convergent_Margins,板块汇聚边缘,ALEUTIAN ARC,,10/13/2021 
ALISITOS ARC.csv,Convergent_Margins,板块汇聚边缘,ALISITOARC,,10/13/2021 
ANDEAN ARC part1.csv,Convergent_Margins,板块汇聚边缘,ANDEAN ARC part1,,10/13/2021 
ANDEAN ARC part2.csv,Convergent_Margins,板块汇聚边缘,ANDEAN ARC part2,,10/13/2021 
APENNINIC-MAGHREBIDES CHAIN.csv,Convergent_Margins,板块汇聚边缘,APENNINIC MAGHREBIDECHAIN,,10/13/2021 
BANDA ARC.csv,Convergent_Margins,板块汇聚边缘,BANDA ARC,,10/13/2021 
BETIC-RIF OROGENIC BELT OR GIBRALTAR ARC.csv,Convergent_Margins,板块汇聚边缘,BETIC RIF OROGENIC BELT OR GIBRALTAR ARC,,10/13/2021 
BISMARCK ARC - NEW BRITAIN ARC.csv,Convergent_Margins,板块汇聚边缘,BISMARCK ARC NEW BRITAIN ARC,,10/13/2021 
CASCADES.csv,Convergent_Margins,板块汇聚边缘,CASCADES,,10/13/2021 
CENTRAL AMERICAN VOLCANIC ARC.csv,Convergent_Margins,板块汇聚边缘,CENTRAL AMERICAN VOLCANIC ARC,,10/13/2021 
CHAGAI-RASKOH ARC.csv,Convergent_Margins,板块汇聚边缘,CHAGAI RASKOH ARC,,10/13/2021 
CHUGACH ACCRETIONARY COMPLEX.csv,Convergent_Margins,板块汇聚边缘,CHUGACH ACCRETIONARYLEX,,10/13/2021 
EL ARCO.csv,Convergent_Margins,板块汇聚边缘,EL ARCO,,10/13/2021 
GREATER ANTILLES.csv,Convergent_Margins,板块汇聚边缘,GREATER ANTILLES,,10/13/2021 
HALMAHERA ARC.csv,Convergent_Margins,板块汇聚边缘,HALMAHERA ARC,,10/13/2021 
HONSHU ARC part1.csv,Convergent_Margins,板块汇聚边缘,HONSHU ARC part1,,10/13/2021 
HONSHU ARC part2.csv,Convergent_Margins,板块汇聚边缘,HONSHU ARC part2,,10/13/2021 
IZU-BONIN ARC.csv,Convergent_Margins,板块汇聚边缘,IZU BONIN ARC,,10/13/2021 
KAMCHATKA ARC.csv,Convergent_Margins,板块汇聚边缘,KAMCHATKA ARC,,10/13/2021 
KERMADEC ARC.csv,Convergent_Margins,板块汇聚边缘,KERMADEC ARC,,10/13/2021 
KOHISTAN-LADAKH TERRANE OR GANGDISE BELT.csv,Convergent_Margins,板块汇聚边缘,KOHISTAN LADAKH TERRANE OR GANGDISE BELT,,10/13/2021 
KURILE ARC.csv,Convergent_Margins,板块汇聚边缘,KURILE ARC,,10/13/2021 
LESSER ANTILLES.csv,Convergent_Margins,板块汇聚边缘,LESSER ANTILLES,,10/13/2021 
LIGURIA-SARDO-TYRRHENIAN ARC.csv,Convergent_Margins,板块汇聚边缘,LIGURIA SARDO TYRRHENIAN ARC,,10/13/2021 
LUZON ARC.csv,Convergent_Margins,板块汇聚边缘,LUZON ARC,,10/13/2021 
MARIANA ARC.csv,Convergent_Margins,板块汇聚边缘,MARIANA ARC,,10/13/2021 
MEXICAN VOLCANIC BELTS.csv,Convergent_Margins,板块汇聚边缘,MEXICAN VOLCANIC BELTS,,10/13/2021 
MIDDLE AMERICA TRENCH - GUATEMALA TRENCH.csv,Convergent_Margins,板块汇聚边缘,MIDDLE AMERICA TRENCH GUATEMALA TRENCH,,10/13/2021 
NEW CALEDONIA.csv,Convergent_Margins,板块汇聚边缘,NEW CALEDONIA,,10/13/2021 
NEW HEBRIDES ARC - VANUATU ARCHIPELAGO.csv,Convergent_Margins,板块汇聚边缘,NEW HEBRIDEARC VANUATU ARCHIPELAGO,,10/13/2021 
NEW ZEALAND.csv,Convergent_Margins,板块汇聚边缘,NEW ZEALAND,,10/13/2021 
OKHOTSK-CHUKOTKA ARC.csv,Convergent_Margins,板块汇聚边缘,OKHOTSK CHUKOTKA ARC,,10/13/2021 
RYUKYU ARC.csv,Convergent_Margins,板块汇聚边缘,RYUKYU ARC,,10/13/2021 
SCOTIA ARC.csv,Convergent_Margins,板块汇聚边缘,SCOTIA ARC,,10/13/2021 
SIERRA NEVADA MAGMATIC ARC.csv,Convergent_Margins,板块汇聚边缘,SIERRA NEVADA MAGMATIC ARC,,10/13/2021 
SIKHOTE-ALIN-SAKHALIN ARC.csv,Convergent_Margins,板块汇聚边缘,SIKHOTE ALIN SAKHALIN ARC,,10/13/2021 
SOLOMON ISLAND ARC.csv,Convergent_Margins,板块汇聚边缘,SOLOMON ISLAND ARC,,10/13/2021 
SULAWESI ARC.csv,Convergent_Margins,板块汇聚边缘,SULAWESI ARC,,10/13/2021 
SUNDA ARC.csv,Convergent_Margins,板块汇聚边缘,SUNDA ARC,,10/13/2021 
TALKEETNA ARC.csv,Convergent_Margins,板块汇聚边缘,TALKEETNA ARC,,10/13/2021 
TONGA ARC.csv,Convergent_Margins,板块汇聚边缘,TONGA ARC,,10/13/2021 
WESTERN ALPS.csv,Convergent_Margins,板块汇聚边缘,WESTERN ALPS,,10/13/2021 
YAP ARC.csv,Convergent_Margins,板块汇聚边缘,YAP ARC,,10/13/2021 
MELT INCLUSIONS.csv,Inclusions,熔体包裹体,MELT INCLUSIONS,,10/13/2021 
ADRIA DOMAIN.csv,Intraplate_Volcanics,板内火山岩,ADRIA DOMAIN,,10/13/2021 
AFGHANISTAN.csv,Intraplate_Volcanics,板内火山岩,AFGHANISTAN,,10/13/2021 
ALPS SARDINIA CORSICA.csv,Intraplate_Volcanics,板内火山岩,ALPSARDINIA CORSICA,,10/13/2021 
AMAZONIA CRATON PROTEROZOIC.csv,Intraplate_Volcanics,板内火山岩,AMAZONIA CRATON PROTEROZOIC,,10/13/2021 
ANATOLIA-IRAN BELT - CENOZOIC QUATERNARY.csv,Intraplate_Volcanics,板内火山岩,ANATOLIA IRAN BELT CENOZOIC QUATERNARY,,10/13/2021 
ANATOLIA-IRAN BELT - MESOZOIC.csv,Intraplate_Volcanics,板内火山岩,ANATOLIA IRAN BELT MESOZOIC,,10/13/2021 
ANATOLIA-IRAN BELT - PALEOZOIC.csv,Intraplate_Volcanics,板内火山岩,ANATOLIA IRAN BELT PALEOZOIC,,10/13/2021 
ANATOLIA-IRAN BELT - PROTEROZOIC.csv,Intraplate_Volcanics,板内火山岩,ANATOLIA IRAN BELT PROTEROZOIC,,10/13/2021 
ANDEAN BASINS - MESOZOIC.csv,Intraplate_Volcanics,板内火山岩,ANDEAN BASIN MESOZOIC,,10/13/2021 
ANGOLA SHIELD MESOZOIC.csv,Intraplate_Volcanics,板内火山岩,ANGOLA SHIELD MESOZOIC,,10/13/2021 
ANGOLA SHIELD PALEOZOIC.csv,Intraplate_Volcanics,板内火山岩,ANGOLA SHIELD PALEOZOIC,,10/13/2021 
ANGOLA SHIELD PROTEROZOIC.csv,Intraplate_Volcanics,板内火山岩,ANGOLA SHIELD PROTEROZOIC,,10/13/2021 
ANTARCTICA.csv,Intraplate_Volcanics,板内火山岩,ANTARCTICA,,10/13/2021 
ANTARCTICA - PALEOZOIC.csv,Intraplate_Volcanics,板内火山岩,ANTARCTICA PALEOZOIC,,10/13/2021 
ANTARCTICA - PROTEROZOIC.csv,Intraplate_Volcanics,板内火山岩,ANTARCTICA PROTEROZOIC,,10/13/2021 
ANTARCTICA PATAGONIA - MESOZOIC.csv,Intraplate_Volcanics,板内火山岩,ANTARCTICA PATAGONIA MESOZOIC,,10/13/2021 
ARABIAN-NUBIAN SHIELD - CENOZOIC QUATERNARY.csv,Intraplate_Volcanics,板内火山岩,ARABIAN NUBIAN SHIELD CENOZOIC QUATERNARY,,10/13/2021 
ARABIAN-NUBIAN SHIELD - MESOZOIC.csv,Intraplate_Volcanics,板内火山岩,ARABIAN NUBIAN SHIELD MESOZOIC,,10/13/2021 
ARABIAN-NUBIAN SHIELD - PALEOZOIC.csv,Intraplate_Volcanics,板内火山岩,ARABIAN NUBIAN SHIELD PALEOZOIC,,10/13/2021 
ARABIAN-NUBIAN SHIELD - PROTEROZOIC.csv,Intraplate_Volcanics,板内火山岩,ARABIAN NUBIAN SHIELD PROTEROZOIC,,10/13/2021 
ARAVALLI CRATON MESOZOIC.csv,Intraplate_Volcanics,板内火山岩,ARAVALLI CRATON MESOZOIC,,10/13/2021 
ARAVALLI CRATON PROTEROZOIC.csv,Intraplate_Volcanics,板内火山岩,ARAVALLI CRATON PROTEROZOIC,,10/13/2021 
ARCTIC ALASKA-CHUKOTKA MICROPLATE.csv,Intraplate_Volcanics,板内火山岩,ARCTIC ALASKA CHUKOTKA MICROPLATE,,10/13/2021 
ATLAS MOUNTAINS.csv,Intraplate_Volcanics,板内火山岩,ATLAMOUNTAINS,,10/13/2021 
AUSTRALIA.csv,Intraplate_Volcanics,板内火山岩,AUSTRALIA,,10/13/2021 
BALTIC SHIELD - PALEOZOIC.csv,Intraplate_Volcanics,板内火山岩,BALTIC SHIELD PALEOZOIC,,10/13/2021 
BALTIC SHIELD - PROTEROZOIC.csv,Intraplate_Volcanics,板内火山岩,BALTIC SHIELD PROTEROZOIC,,10/13/2021 
BANGWEULU BLOCK IRUMIDE BELT.csv,Intraplate_Volcanics,板内火山岩,BANGWEULU BLOCK IRUMIDE BELT,,10/13/2021 
BASTAR CRATON MESOZOIC.csv,Intraplate_Volcanics,板内火山岩,BASTAR CRATON MESOZOIC,,10/13/2021 
BASTAR CRATON PROTEROZOIC.csv,Intraplate_Volcanics,板内火山岩,BASTAR CRATON PROTEROZOIC,,10/13/2021 
BERING SEA BASALT PROVINCE - CENOZOIC.csv,Intraplate_Volcanics,板内火山岩,BERING SEA BASALT PROVINCE CENOZOIC,,10/13/2021 
BORBOREMA PROVINCE.csv,Intraplate_Volcanics,板内火山岩,BORBOREMA PROVINCE,,10/13/2021 
CALEDONIDES.csv,Intraplate_Volcanics,板内火山岩,CALEDONIDES,,10/13/2021 
CANADIAN SHIELD CENOZOIC.csv,Intraplate_Volcanics,板内火山岩,CANADIAN SHIELD CENOZOIC,,10/13/2021 
CANADIAN SHIELD MESOZOIC.csv,Intraplate_Volcanics,板内火山岩,CANADIAN SHIELD MESOZOIC,,10/13/2021 
CANADIAN SHIELD PALEOZOIC.csv,Intraplate_Volcanics,板内火山岩,CANADIAN SHIELD PALEOZOIC,,10/13/2021 
CANADIAN SHIELD PROTEROZOIC.csv,Intraplate_Volcanics,板内火山岩,CANADIAN SHIELD PROTEROZOIC,,10/13/2021 
CARPATHIAN BELT AND PANNONIAN BASIN.csv,Intraplate_Volcanics,板内火山岩,CARPATHIAN BELT AND PANNONIAN BASIN,,10/13/2021 
CENTRAL AFRICAN FOLD BELT.csv,Intraplate_Volcanics,板内火山岩,CENTRAL AFRICAN FOLD BELT,,10/13/2021 
CENTRAL ASIAN FOLDBELT - CENOZOIC QUATERNARY part1.csv,Intraplate_Volcanics,板内火山岩,CENTRAL ASIAN FOLDBELT CENOZOIC QUATERNARY part1,,10/13/2021 
CENTRAL ASIAN FOLDBELT - CENOZOIC QUATERNARY part2.csv,Intraplate_Volcanics,板内火山岩,CENTRAL ASIAN FOLDBELT CENOZOIC QUATERNARY part2,,10/13/2021 
CENTRAL ASIAN FOLDBELT - MESOZOIC part1.csv,Intraplate_Volcanics,板内火山岩,CENTRAL ASIAN FOLDBELT MESOZOIC part1,,10/13/2021 
CENTRAL ASIAN FOLDBELT - MESOZOIC part2.csv,Intraplate_Volcanics,板内火山岩,CENTRAL ASIAN FOLDBELT MESOZOIC part2,,10/13/2021 
CENTRAL ASIAN FOLDBELT - PALEOZOIC part1.csv,Intraplate_Volcanics,板内火山岩,CENTRAL ASIAN FOLDBELT PALEOZOIC part1,,10/13/2021 
CENTRAL ASIAN FOLDBELT - PALEOZOIC part2.csv,Intraplate_Volcanics,板内火山岩,CENTRAL ASIAN FOLDBELT PALEOZOIC part2,,10/13/2021 
CENTRAL ASIAN FOLDBELT - PROTEROZOIC.csv,Intraplate_Volcanics,板内火山岩,CENTRAL ASIAN FOLDBELT PROTEROZOIC,,10/13/2021 
CENTRAL INDIAN TECTONIC ZONE.csv,Intraplate_Volcanics,板内火山岩,CENTRAL INDIAN TECTONIC ZONE,,10/13/2021 
CIRCUM-PARANA ALKALINE VOLCANIC PROVINCES - CENOZOIC.csv,Intraplate_Volcanics,板内火山岩,CIRCUM PARANA ALKALINE VOLCANIC PROVINCE CENOZOIC,,10/13/2021 
CIRCUM-PARANA ALKALINE VOLCANIC PROVINCES - MESOZOIC.csv,Intraplate_Volcanics,板内火山岩,CIRCUM PARANA ALKALINE VOLCANIC PROVINCE MESOZOIC,,10/13/2021 
CIRCUM-PARANA ALKALINE VOLCANIC PROVINCES - PROTEROZOIC.csv,Intraplate_Volcanics,板内火山岩,CIRCUM PARANA ALKALINE VOLCANIC PROVINCE PROTEROZOIC,,10/13/2021 
COLORADO PLATEAU.csv,Intraplate_Volcanics,板内火山岩,COLORADO PLATEAU,,10/13/2021 
CONGO CRATON.csv,Intraplate_Volcanics,板内火山岩,CONGO CRATON,,10/13/2021 
DAMARA OROGEN.csv,Intraplate_Volcanics,板内火山岩,DAMARA OROGEN,,10/13/2021 
DARFUR DOME VOLCANIC PROVINCE SUDAN.csv,Intraplate_Volcanics,板内火山岩,DARFUR DOME VOLCANIC PROVINCE SUDAN,,10/13/2021 
DHARWAR CRATON MESOZOIC.csv,Intraplate_Volcanics,板内火山岩,DHARWAR CRATON MESOZOIC,,10/13/2021 
DHARWAR CRATON PROTEROZOIC.csv,Intraplate_Volcanics,板内火山岩,DHARWAR CRATON PROTEROZOIC,,10/13/2021 
DINARIDES.csv,Intraplate_Volcanics,板内火山岩,DINARIDES,,10/13/2021 
EAST SAHARA SWELL - CRETACEOUS.csv,Intraplate_Volcanics,板内火山岩,EAST SAHARA SWELL CRETACEOUS,,10/13/2021 
EQUATORIAL AFRICAN CRATON.csv,Intraplate_Volcanics,板内火山岩,EQUATORIAL AFRICAN CRATON,,10/13/2021 
ETHIOPIAN PLATEAU.csv,Intraplate_Volcanics,板内火山岩,ETHIOPIAN PLATEAU,,10/13/2021 
EUROPEAN OROGENIC BELT - CENOZOIC QUATERNARY.csv,Intraplate_Volcanics,板内火山岩,EUROPEAN OROGENIC BELT CENOZOIC QUATERNARY,,10/13/2021 
EUROPEAN OROGENIC BELT - MESOZOIC.csv,Intraplate_Volcanics,板内火山岩,EUROPEAN OROGENIC BELT MESOZOIC,,10/13/2021 
EUROPEAN OROGENIC BELT - PALEOZOIC.csv,Intraplate_Volcanics,板内火山岩,EUROPEAN OROGENIC BELT PALEOZOIC,,10/13/2021 
EUROPEAN OROGENIC BELT - PROTEROZOIC.csv,Intraplate_Volcanics,板内火山岩,EUROPEAN OROGENIC BELT PROTEROZOIC,,10/13/2021 
GREAT METEOR OR NEW ENGLAND HOTSPOT TRACK OR CONT.csv,Intraplate_Volcanics,板内火山岩,GREAT METEOR OR NEW ENGLAND HOTSPOT TRACK OR CONT,,10/13/2021 
HELLENIDES.csv,Intraplate_Volcanics,板内火山岩,HELLENIDES,,10/13/2021 
ILLINOIS-KENTUCKY FLUORSPAR DISTRICT.csv,Intraplate_Volcanics,板内火山岩,ILLINOIS KENTUCKY FLUORSPAR DISTRICT,,10/13/2021 
KAAPVAAL CRATON MESOZOIC.csv,Intraplate_Volcanics,板内火山岩,KAAPVAAL CRATON MESOZOIC,,10/13/2021 
KAAPVAAL CRATON PALEOZOIC.csv,Intraplate_Volcanics,板内火山岩,KAAPVAAL CRATON PALEOZOIC,,10/13/2021 
KAAPVAAL CRATON PROTEROZOIC.csv,Intraplate_Volcanics,板内火山岩,KAAPVAAL CRATON PROTEROZOIC,,10/13/2021 
KASAI SHIELD MESOZOIC.csv,Intraplate_Volcanics,板内火山岩,KASAI SHIELD MESOZOIC,,10/13/2021 
KATANGAN BASIN.csv,Intraplate_Volcanics,板内火山岩,KATANGAN BASIN,,10/13/2021 
KIBARAN BELT.csv,Intraplate_Volcanics,板内火山岩,KIBARAN BELT,,10/13/2021 
KLAMATH MOUNTAINS.csv,Intraplate_Volcanics,板内火山岩,KLAMATH MOUNTAINS,,10/13/2021 
LIBYA.csv,Intraplate_Volcanics,板内火山岩,LIBYA,,10/13/2021 
LIMPOPO BELT.csv,Intraplate_Volcanics,板内火山岩,LIMPOPO BELT,,10/13/2021 
MADAGASCAR - CENOZOIC QUATERNARY.csv,Intraplate_Volcanics,板内火山岩,MADAGASCAR CENOZOIC QUATERNARY,,10/13/2021 
MADAGASCAR - PALEOZOIC.csv,Intraplate_Volcanics,板内火山岩,MADAGASCAR PALEOZOIC,,10/13/2021 
MADAGASCAR - PROTEROZOIC.csv,Intraplate_Volcanics,板内火山岩,MADAGASCAR PROTEROZOIC,,10/13/2021 
MADAGASCAR SEYCHELLES PROTEROZOIC.csv,Intraplate_Volcanics,板内火山岩,MADAGASCAR SEYCHELLEPROTEROZOIC,,10/13/2021 
MAKKOVIK-KETILIDIAN OROGENIC BELT.csv,Intraplate_Volcanics,板内火山岩,MAKKOVIK KETILIDIAN OROGENIC BELT,,10/13/2021 
MAURITANIDES OROGEN.csv,Intraplate_Volcanics,板内火山岩,MAURITANIDEOROGEN,,10/13/2021 
MIDCONTINENT US KIMBERLITE-CARBONATITE PROVINCE.csv,Intraplate_Volcanics,板内火山岩,MIDCONTINENT UKIMBERLITE CARBONATITE PROVINCE,,10/13/2021 
MOZAMBIQUE MOBILE BELT.csv,Intraplate_Volcanics,板内火山岩,MOZAMBIQUE MOBILE BELT,,10/13/2021 
MUNSTER BASIN.csv,Intraplate_Volcanics,板内火山岩,MUNSTER BASIN,,10/13/2021 
NAGSSUGTOQIDIAN MOBILE BELT.csv,Intraplate_Volcanics,板内火山岩,NAGSSUGTOQIDIAN MOBILE BELT,,10/13/2021 
NAGSSUGTOQIDIAN OROGEN BELT.csv,Intraplate_Volcanics,板内火山岩,NAGSSUGTOQIDIAN OROGEN BELT,,10/13/2021 
NAMAQUALAND NATAL BELT CENOZOIC.csv,Intraplate_Volcanics,板内火山岩,NAMAQUALAND NATAL BELT CENOZOIC,,10/13/2021 
NAMAQUALAND NATAL BELT MESOZOIC.csv,Intraplate_Volcanics,板内火山岩,NAMAQUALAND NATAL BELT MESOZOIC,,10/13/2021 
NAMAQUALAND NATAL BELT PALEOZOIC.csv,Intraplate_Volcanics,板内火山岩,NAMAQUALAND NATAL BELT PALEOZOIC,,10/13/2021 
NAMAQUALAND NATAL BELT PROTEROZOIC.csv,Intraplate_Volcanics,板内火山岩,NAMAQUALAND NATAL BELT PROTEROZOIC,,10/13/2021 
NEW ZEALAND.csv,Intraplate_Volcanics,板内火山岩,NEW ZEALAND,,10/13/2021 
NORTH AMERICAN CORDILLERA - CENOZOIC-QUATERNARY.csv,Intraplate_Volcanics,板内火山岩,NORTH AMERICAN CORDILLERA CENOZOIC QUATERNARY,,10/13/2021 
NORTH AMERICAN CORDILLERA - MESOZOIC.csv,Intraplate_Volcanics,板内火山岩,NORTH AMERICAN CORDILLERA MESOZOIC,,10/13/2021 
NORTH AMERICAN CORDILLERA - PALEOZOIC.csv,Intraplate_Volcanics,板内火山岩,NORTH AMERICAN CORDILLERA PALEOZOIC,,10/13/2021 
NORTH AMERICAN CORDILLERA - PROTEROZOIC.csv,Intraplate_Volcanics,板内火山岩,NORTH AMERICAN CORDILLERA PROTEROZOIC,,10/13/2021 
NORTH ATLANTIC CRATON MESOZOIC.csv,Intraplate_Volcanics,板内火山岩,NORTH ATLANTIC CRATON MESOZOIC,,10/13/2021 
NORTH ATLANTIC CRATON PALEOZOIC.csv,Intraplate_Volcanics,板内火山岩,NORTH ATLANTIC CRATON PALEOZOIC,,10/13/2021 
NORTH ATLANTIC CRATON PROTEROZOIC.csv,Intraplate_Volcanics,板内火山岩,NORTH ATLANTIC CRATON PROTEROZOIC,,10/13/2021 
OKHOTSK-CHUKOTKA ARC.csv,Intraplate_Volcanics,板内火山岩,OKHOTSK CHUKOTKA ARC,,10/13/2021 
OLKHON TERRANE.csv,Intraplate_Volcanics,板内火山岩,OLKHON TERRANE,,10/13/2021 
PAN-AFRICAN - BRASILIANO BELTS.csv,Intraplate_Volcanics,板内火山岩,PAN AFRICAN BRASILIANO BELTS,,10/13/2021 
PARAGUA CRATON.csv,Intraplate_Volcanics,板内火山岩,PARAGUA CRATON,,10/13/2021 
PARNAIBA SEDIMENTARY BASIN.csv,Intraplate_Volcanics,板内火山岩,PARNAIBA SEDIMENTARY BASIN,,10/13/2021 
PATAGONIA.csv,Intraplate_Volcanics,板内火山岩,PATAGONIA,,10/13/2021 
PENOKEAN OROGEN.csv,Intraplate_Volcanics,板内火山岩,PENOKEAN OROGEN,,10/13/2021 
RIBEIRA BELT.csv,Intraplate_Volcanics,板内火山岩,RIBEIRA BELT,,10/13/2021 
RIO DE LA PLATA CRATON.csv,Intraplate_Volcanics,板内火山岩,RIO DE LA PLATA CRATON,,10/13/2021 
SAHARAN METACRATON.csv,Intraplate_Volcanics,板内火山岩,SAHARAN METACRATON,,10/13/2021 
SAHARAN PLATFOM.csv,Intraplate_Volcanics,板内火山岩,SAHARAN PLATFOM,,10/13/2021 
SAO FRANCISCO CRATON PROTEROZOIC.csv,Intraplate_Volcanics,板内火山岩,SAO FRANCISCO CRATON PROTEROZOIC,,10/13/2021 
SAO LUIS CRATON CRATON PROTEROZOIC.csv,Intraplate_Volcanics,板内火山岩,SAO LUICRATON CRATON PROTEROZOIC,,10/13/2021 
SARMATIAN CRATON PALEOZOIC.csv,Intraplate_Volcanics,板内火山岩,SARMATIAN CRATON PALEOZOIC,,10/13/2021 
SARMATIAN CRATON PROTEROZOIC.csv,Intraplate_Volcanics,板内火山岩,SARMATIAN CRATON PROTEROZOIC,,10/13/2021 
SIBERIAN PLATFORM.csv,Intraplate_Volcanics,板内火山岩,SIBERIAN PLATFORM,,10/13/2021 
SIERRAS ARGENTINA.csv,Intraplate_Volcanics,板内火山岩,SIERRAARGENTINA,,10/13/2021 
SINGHBHUM CRATON.csv,Intraplate_Volcanics,板内火山岩,SINGHBHUM CRATON,,10/13/2021 
SRI LANKA.csv,Intraplate_Volcanics,板内火山岩,SRI LANKA,,10/13/2021 
SUL RIO GRANDENSE SHIELD PROTEROZOIC.csv,Intraplate_Volcanics,板内火山岩,SUL RIO GRANDENSE SHIELD PROTEROZOIC,,10/13/2021 
TANZANIA CRATON CENOZOIC QUATERNARY.csv,Intraplate_Volcanics,板内火山岩,TANZANIA CRATON CENOZOIC QUATERNARY,,10/13/2021 
TANZANIA CRATON PROTEROZOIC.csv,Intraplate_Volcanics,板内火山岩,TANZANIA CRATON PROTEROZOIC,,10/13/2021 
TOCANTINS PROVINCE.csv,Intraplate_Volcanics,板内火山岩,TOCANTINPROVINCE,,10/13/2021 
TRANS-HUDSON OROGEN.csv,Intraplate_Volcanics,板内火山岩,TRANS HUDSON OROGEN,,10/13/2021 
TRANS-PECOS MAGMATIC PROVINCE.csv,Intraplate_Volcanics,板内火山岩,TRANS PECOMAGMATIC PROVINCE,,10/13/2021 
TRANS-SAHARAN FOLD BELT.csv,Intraplate_Volcanics,板内火山岩,TRANS SAHARAN FOLD BELT,,10/13/2021 
TUAREG SHIELD.csv,Intraplate_Volcanics,板内火山岩,TUAREG SHIELD,,10/13/2021 
UBENDIAN BELT.csv,Intraplate_Volcanics,板内火山岩,UBENDIAN BELT,,10/13/2021 
UKRAINIAN SHIELD PALEOZOIC.csv,Intraplate_Volcanics,板内火山岩,UKRAINIAN SHIELD PALEOZOIC,,10/13/2021 
UKRAINIAN SHIELD PROTEROZOIC.csv,Intraplate_Volcanics,板内火山岩,UKRAINIAN SHIELD PROTEROZOIC,,10/13/2021 
URALS.csv,Intraplate_Volcanics,板内火山岩,URALS,,10/13/2021 
VERKHOYANSK-CHUKOTKA COLLISION ZONE.csv,Intraplate_Volcanics,板内火山岩,VERKHOYANSK CHUKOTKA COLLISION ZONE,,10/13/2021 
WEST AFRICAN CRATON.csv,Intraplate_Volcanics,板内火山岩,WEST AFRICAN CRATON,,10/13/2021 
WEST AFRICAN YOUNGER RING COMPLEXES.csv,Intraplate_Volcanics,板内火山岩,WEST AFRICAN YOUNGER RINGLEXES,,10/13/2021 
WYOMING CRATON.csv,Intraplate_Volcanics,板内火山岩,WYOMING CRATON,,10/13/2021 
YAVAPAI-MAZATZAL PROVINCE.csv,Intraplate_Volcanics,板内火山岩,YAVAPAI MAZATZAL PROVINCE,,10/13/2021 
ZAMBEZI BELT.csv,Intraplate_Volcanics,板内火山岩,ZAMBEZI BELT,,10/13/2021 
ZIMBABWE CRATON.csv,Intraplate_Volcanics,板内火山岩,ZIMBABWE CRATON,,10/13/2021 
ARGO ABYSSAL PLAIN;INDIAN OCEAN.csv,Ocean_Basin_Flood_Basalts,洋底盆地溢流玄武岩,ARGO ABYSSAL PLAIN;INDIAN OCEAN,,10/13/2021 
EAST MARIANA BASIN.csv,Ocean_Basin_Flood_Basalts,洋底盆地溢流玄武岩,EAST MARIANA BASIN,,10/13/2021 
NAURU BASIN.csv,Ocean_Basin_Flood_Basalts,洋底盆地溢流玄武岩,NAURU BASIN,,10/13/2021 
PANAMA BASIN.csv,Ocean_Basin_Flood_Basalts,洋底盆地溢流玄武岩,PANAMA BASIN,,10/13/2021 
PIGAFETTA BASIN.csv,Ocean_Basin_Flood_Basalts,洋底盆地溢流玄武岩,PIGAFETTA BASIN,,10/13/2021 
WHARTON BASIN.csv,Ocean_Basin_Flood_Basalts,洋底盆地溢流玄武岩,WHARTON BASIN,,10/13/2021 
AHU VOLCANIC FIELD.csv,Ocean_Island_Groups,洋岛成分,AHU VOLCANIC FIELD,,10/13/2021 
AMSTERDAM-ST PAUL.csv,Ocean_Island_Groups,洋岛成分,AMSTERDAM ST PAUL,,10/13/2021 
ASCENSION.csv,Ocean_Island_Groups,洋岛成分,ASCENSION,,10/13/2021 
AUSTRAL-COOK ISLANDS.csv,Ocean_Island_Groups,洋岛成分,AUSTRAL COOK ISLANDS,,10/13/2021 
AZORES.csv,Ocean_Island_Groups,洋岛成分,AZORES,,10/13/2021 
BALLENY ISLANDS.csv,Ocean_Island_Groups,洋岛成分,BALLENY ISLANDS,,10/13/2021 
BOUVET.csv,Ocean_Island_Groups,洋岛成分,BOUVET,,10/13/2021 
CAMEROON LINE.csv,Ocean_Island_Groups,洋岛成分,CAMEROON LINE,,10/13/2021 
CANARY ISLANDS.csv,Ocean_Island_Groups,洋岛成分,CANARY ISLANDS,,10/13/2021 
CAPE VERDE ISLANDS.csv,Ocean_Island_Groups,洋岛成分,CAPE VERDE ISLANDS,,10/13/2021 
CAROLINE ISLANDS.csv,Ocean_Island_Groups,洋岛成分,CAROLINE ISLANDS,,10/13/2021 
CHRISTMAS ISLAND SEAMOUNT PROVINCE.csv,Ocean_Island_Groups,洋岛成分,CHRISTMAISLAND SEAMOUNT PROVINCE,,10/13/2021 
COCOS ISLAND.csv,Ocean_Island_Groups,洋岛成分,COCOISLAND,,10/13/2021 
COMOROS.csv,Ocean_Island_Groups,洋岛成分,COMOROS,,10/13/2021 
CROZET ISLANDS.csv,Ocean_Island_Groups,洋岛成分,CROZET ISLANDS,,10/13/2021 
DESVENTURADOS ISLANDS.csv,Ocean_Island_Groups,洋岛成分,DESVENTURADOISLANDS,,10/13/2021 
EASTER SEAMOUNT CHAIN - SALAS Y GOMEZ RIDGE.csv,Ocean_Island_Groups,洋岛成分,EASTER SEAMOUNT CHAIN SALAY GOMEZ RIDGE,,10/13/2021 
FERNANDO DE NORONHA ARCHIPELAGO.csv,Ocean_Island_Groups,洋岛成分,FERNANDO DE NORONHA ARCHIPELAGO,,10/13/2021 
GALAPAGOS ISLANDS.csv,Ocean_Island_Groups,洋岛成分,GALAPAGOISLANDS,,10/13/2021 
GOUGH CHAIN.csv,Ocean_Island_Groups,洋岛成分,GOUGH CHAIN,,10/13/2021 
HAINAN ISLAND.csv,Ocean_Island_Groups,洋岛成分,HAINAN ISLAND,,10/13/2021 
HAWAIIAN-EMPEROR CHAIN.csv,Ocean_Island_Groups,洋岛成分,HAWAIIAN EMPEROR CHAIN,,10/13/2021 
HAWAIIAN ARCH VOLCANIC FIELDS.csv,Ocean_Island_Groups,洋岛成分,HAWAIIAN ARCH VOLCANIC FIELDS,,10/13/2021 
HAWAIIAN ISLANDS part1.csv,Ocean_Island_Groups,洋岛成分,HAWAIIAN ISLANDpart1,,10/13/2021 
HAWAIIAN ISLANDS part2.csv,Ocean_Island_Groups,洋岛成分,HAWAIIAN ISLANDpart2,,10/13/2021 
HEARD.csv,Ocean_Island_Groups,洋岛成分,HEARD,,10/13/2021 
ICELAND.csv,Ocean_Island_Groups,洋岛成分,ICELAND,,10/13/2021 
JAN MAYEN.csv,Ocean_Island_Groups,洋岛成分,JAN MAYEN,,10/13/2021 
JUAN FERNANDEZ ISLANDS.csv,Ocean_Island_Groups,洋岛成分,JUAN FERNANDEZ ISLANDS,,10/13/2021 
KERGUELEN.csv,Ocean_Island_Groups,洋岛成分,KERGUELEN,,10/13/2021 
MADEIRA ARCHIPELAGO.csv,Ocean_Island_Groups,洋岛成分,MADEIRA ARCHIPELAGO,,10/13/2021 
MARION ISLANDS.csv,Ocean_Island_Groups,洋岛成分,MARION ISLANDS,,10/13/2021 
MARQUESAS.csv,Ocean_Island_Groups,洋岛成分,MARQUESAS,,10/13/2021 
MASCARENE ISLANDS INCL REUNION.csv,Ocean_Island_Groups,洋岛成分,MASCARENE ISLANDINCL REUNION,,10/13/2021 
MCDONALD ISLANDS.csv,Ocean_Island_Groups,洋岛成分,MCDONALD ISLANDS,,10/13/2021 
PETER I ISLAND.csv,Ocean_Island_Groups,洋岛成分,PETER I ISLAND,,10/13/2021 
PITCAIRN-GAMBIER CHAIN.csv,Ocean_Island_Groups,洋岛成分,PITCAIRN GAMBIER CHAIN,,10/13/2021 
PRINCE EDWARD ISLANDS.csv,Ocean_Island_Groups,洋岛成分,PRINCE EDWARD ISLANDS,,10/13/2021 
REVILLAGIGEDO ARCHIPELAGO.csv,Ocean_Island_Groups,洋岛成分,REVILLAGIGEDO ARCHIPELAGO,,10/13/2021 
ROSS ISLAND.csv,Ocean_Island_Groups,洋岛成分,ROSISLAND,,10/13/2021 
SAMOAN ISLANDS.csv,Ocean_Island_Groups,洋岛成分,SAMOAN ISLANDS,,10/13/2021 
SCOTT ISLAND.csv,Ocean_Island_Groups,洋岛成分,SCOTT ISLAND,,10/13/2021 
SELVAGEN ISLANDS.csv,Ocean_Island_Groups,洋岛成分,SELVAGEN ISLANDS,,10/13/2021 
SOCIETY ISLANDS.csv,Ocean_Island_Groups,洋岛成分,SOCIETY ISLANDS,,10/13/2021 
ST HELENA CHAIN.csv,Ocean_Island_Groups,洋岛成分,ST HELENA CHAIN,,10/13/2021 
TRINDADE-VITORIA RISE.csv,Ocean_Island_Groups,洋岛成分,TRINDADE VITORIA RISE,,10/13/2021 
TRISTAN DA CUNHA GROUP.csv,Ocean_Island_Groups,洋岛成分,TRISTAN DA CUNHA GROUP,,10/13/2021 
TUAMOTU ISLANDS.csv,Ocean_Island_Groups,洋岛成分,TUAMOTU ISLANDS,,10/13/2021 
TUPA VOLCANIC FIELD.csv,Ocean_Island_Groups,洋岛成分,TUPA VOLCANIC FIELD,,10/13/2021 
UMU VOLCANIC FIELD.csv,Ocean_Island_Groups,洋岛成分,UMU VOLCANIC FIELD,,10/13/2021 
BERMUDA RISE.csv,Oceanic_Plateaus,洋底高原,BERMUDA RISE,,10/13/2021 
BRAZIL BASIN.csv,Oceanic_Plateaus,洋底高原,BRAZIL BASIN,,10/13/2021 
CAPE VERDE RISE.csv,Oceanic_Plateaus,洋底高原,CAPE VERDE RISE,,10/13/2021 
CARIBBEAN-COLOMBIAN PLATEAU.csv,Oceanic_Plateaus,洋底高原,CARIBBEAN COLOMBIAN PLATEAU,,10/13/2021 
CUVIER OR WALLABY PLATEAU.csv,Oceanic_Plateaus,洋底高原,CUVIER OR WALLABY PLATEAU,,10/13/2021 
HESS RISE.csv,Oceanic_Plateaus,洋底高原,HESRISE,,10/13/2021 
HIKURANGI PLATEAU.csv,Oceanic_Plateaus,洋底高原,HIKURANGI PLATEAU,,10/13/2021 
KERGUELEN PLATEAU.csv,Oceanic_Plateaus,洋底高原,KERGUELEN PLATEAU,,10/13/2021 
MAGELLAN RISE.csv,Oceanic_Plateaus,洋底高原,MAGELLAN RISE,,10/13/2021 
MANIHIKI PLATEAU.csv,Oceanic_Plateaus,洋底高原,MANIHIKI PLATEAU,,10/13/2021 
MASCARENE PLATEAU.csv,Oceanic_Plateaus,洋底高原,MASCARENE PLATEAU,,10/13/2021 
MATSUMAE PLATEAU.csv,Oceanic_Plateaus,洋底高原,MATSUMAE PLATEAU,,10/13/2021 
MAUD RISE.csv,Oceanic_Plateaus,洋底高原,MAUD RISE,,10/13/2021 
NATURALISTE PLATEAU.csv,Oceanic_Plateaus,洋底高原,NATURALISTE PLATEAU,,10/13/2021 
ONTONG JAVA.csv,Oceanic_Plateaus,洋底高原,ONTONG JAVA,,10/13/2021 
RIO GRANDE RISE.csv,Oceanic_Plateaus,洋底高原,RIO GRANDE RISE,,10/13/2021 
SAO PAULO PLATEAU.csv,Oceanic_Plateaus,洋底高原,SAO PAULO PLATEAU,,10/13/2021 
SHATSKY RISE.csv,Oceanic_Plateaus,洋底高原,SHATSKY RISE,,10/13/2021 
ANTARCTICA.csv,Rift_Volcanics,裂谷火山,ANTARCTICA,,10/13/2021 
APPALACHIANS.csv,Rift_Volcanics,裂谷火山,APPALACHIANS,,10/13/2021 
AUSTRALIA.csv,Rift_Volcanics,裂谷火山,AUSTRALIA,,10/13/2021 
BASIN AND RANGE - GREAT BASIN.csv,Rift_Volcanics,裂谷火山,BASIN AND RANGE GREAT BASIN,,10/13/2021 
EAST AFRICAN RIFT part1.csv,Rift_Volcanics,裂谷火山,EAST AFRICAN RIFT part1,,10/13/2021 
EAST AFRICAN RIFT part2.csv,Rift_Volcanics,裂谷火山,EAST AFRICAN RIFT part2,,10/13/2021 
GARDAR PROVINCE - GREENLAND.csv,Rift_Volcanics,裂谷火山,GARDAR PROVINCE GREENLAND,,10/13/2021 
GULF OF SUEZ RIFT.csv,Rift_Volcanics,裂谷火山,GULF OF SUEZ RIFT,,10/13/2021 
LATE CRETACEOUS IBERIAN IGNEOUS PROVINCE.csv,Rift_Volcanics,裂谷火山,LATE CRETACEOUIBERIAN IGNEOUPROVINCE,,10/13/2021 
MEXICAN BASIN AND RANGE.csv,Rift_Volcanics,裂谷火山,MEXICAN BASIN AND RANGE,,10/13/2021 
MID-AFRICAN RIFT SYSTEM.csv,Rift_Volcanics,裂谷火山,MID AFRICAN RIFT SYSTEM,,10/13/2021 
OMAN RIFT.csv,Rift_Volcanics,裂谷火山,OMAN RIFT,,10/13/2021 
OSLO-SKAGERRAK RIFT.csv,Rift_Volcanics,裂谷火山,OSLO SKAGERRAK RIFT,,10/13/2021 
RED SEA RIFT.csv,Rift_Volcanics,裂谷火山,RED SEA RIFT,,10/13/2021 
RIO GRANDE RIFT.csv,Rift_Volcanics,裂谷火山,RIO GRANDE RIFT,,10/13/2021 
ROSS OROGEN-TRANSANTARCTIC MOUNTAINS - CAMBRIAN.csv,Rift_Volcanics,裂谷火山,ROSOROGEN TRANSANTARCTIC MOUNTAIN CAMBRIAN,,10/13/2021 
SICILY CHANNEL RIFT.csv,Rift_Volcanics,裂谷火山,SICILY CHANNEL RIFT,,10/13/2021 
SORGENFREI-TORNQUIST ZONE - NORTH SEA VOLCANIC PROVINCE.csv,Rift_Volcanics,裂谷火山,SORGENFREI TORNQUIST ZONE NORTH SEA VOLCANIC PROVINCE,,10/13/2021 
SOUTHERN OKLAHOMA RIFT.csv,Rift_Volcanics,裂谷火山,SOUTHERN OKLAHOMA RIFT,,10/13/2021 
VILYUI RIFT.csv,Rift_Volcanics,裂谷火山,VILYUI RIFT,,10/13/2021 
s AEGEAN ARC.csv,Seamounts,海山成分,AEGEAN ARC,,10/13/2021 
s AEOLIAN ARC.csv,Seamounts,海山成分,AEOLIAN ARC,,10/13/2021 
s ALEUTIAN ARC.csv,Seamounts,海山成分,ALEUTIAN ARC,,10/13/2021 
s AMSTERDAM-ST PAUL.csv,Seamounts,海山成分,AMSTERDAM ST PAUL,,10/13/2021 
s ANEWETAK SEAMOUNT TRAIL.csv,Seamounts,海山成分,ANEWETAK SEAMOUNT TRAIL,,10/13/2021 
s AUSTRAL-COOK ISLANDS.csv,Seamounts,海山成分,AUSTRAL COOK ISLANDS,,10/13/2021 
s AZORES.csv,Seamounts,海山成分,AZORES,,10/13/2021 
s BAHIA CHAIN.csv,Seamounts,海山成分,BAHIA CHAIN,,10/13/2021 
s BATHYMETRISTS OR GRIMALDI SEAMOUNT CHAIN.csv,Seamounts,海山成分,BATHYMETRISTOR GRIMALDI SEAMOUNT CHAIN,,10/13/2021 
s BETIC-RIF OROGENIC BELT OR GIBRALTAR ARC.csv,Seamounts,海山成分,BETIC RIF OROGENIC BELT OR GIBRALTAR ARC,,10/13/2021 
s BISMARCK ARC - NEW BRITAIN ARC.csv,Seamounts,海山成分,BISMARCK ARC NEW BRITAIN ARC,,10/13/2021 
s CANARY ISLANDS.csv,Seamounts,海山成分,CANARY ISLANDS,,10/13/2021 
s CAPE VERDE ISLANDS.csv,Seamounts,海山成分,CAPE VERDE ISLANDS,,10/13/2021 
s CARNEGIE RIDGE SEAMOUNTS.csv,Seamounts,海山成分,CARNEGIE RIDGE SEAMOUNTS,,10/13/2021 
s CASTOR GUYOT.csv,Seamounts,海山成分,CASTOR GUYOT,,10/13/2021 
s CHRISTMAS ISLAND SEAMOUNT PROVINCE.csv,Seamounts,海山成分,CHRISTMAISLAND SEAMOUNT PROVINCE,,10/13/2021 
s COBB SEAMOUNT CHAIN.csv,Seamounts,海山成分,COBB SEAMOUNT CHAIN,,10/13/2021 
s COCOS ISLAND SEAMOUNTS.csv,Seamounts,海山成分,COCOISLAND SEAMOUNTS,,10/13/2021 
s COCOS RIDGE SEAMOUNTS.csv,Seamounts,海山成分,COCORIDGE SEAMOUNTS,,10/13/2021 
s COIBA RIDGE SEAMOUNTS.csv,Seamounts,海山成分,COIBA RIDGE SEAMOUNTS,,10/13/2021 
s CONTINENTAL MARGIN OFFSHORE CALIFORNIA SEAMOUNTS.csv,Seamounts,海山成分,CONTINENTAL MARGIN OFFSHORE CALIFORNIA SEAMOUNTS,,10/13/2021 
s COSTA RICA SEAMOUNT PROVINCE.csv,Seamounts,海山成分,COSTA RICA SEAMOUNT PROVINCE,,10/13/2021 
s DE GERLACH SEAMOUNTS.csv,Seamounts,海山成分,DE GERLACH SEAMOUNTS,,10/13/2021 
s DISCOVERY TABLEMOUNT.csv,Seamounts,海山成分,DISCOVERY TABLEMOUNT,,10/13/2021 
s EASTER SEAMOUNT CHAIN - SALAS Y GOMEZ RIDGE.csv,Seamounts,海山成分,EASTER SEAMOUNT CHAIN SALAY GOMEZ RIDGE,,10/13/2021 
s EAST SHIKOKU BASIN SEAMOUNTS.csv,Seamounts,海山成分,EAST SHIKOKU BASIN SEAMOUNTS,,10/13/2021 
s ENPO SEAMOUNT CHAIN.csv,Seamounts,海山成分,ENPO SEAMOUNT CHAIN,,10/13/2021 
s EXPLORER SEAMOUNT CHAIN.csv,Seamounts,海山成分,EXPLORER SEAMOUNT CHAIN,,10/13/2021 
s FIEBERLING-GUADALUPE SEAMOUNT TRAIL.csv,Seamounts,海山成分,FIEBERLING GUADALUPE SEAMOUNT TRAIL,,10/13/2021 
s FOUNDATION SEAMOUNT CHAIN.csv,Seamounts,海山成分,FOUNDATION SEAMOUNT CHAIN,,10/13/2021 
s GALAPAGOS ISLANDS.csv,Seamounts,海山成分,GALAPAGOISLANDS,,10/13/2021 
s GENROKU SEAMOUNT CHAIN.csv,Seamounts,海山成分,GENROKU SEAMOUNT CHAIN,,10/13/2021 
s GILBERT RIDGE SEAMOUNTS.csv,Seamounts,海山成分,GILBERT RIDGE SEAMOUNTS,,10/13/2021 
s HAWAIIAN-EMPEROR CHAIN.csv,Seamounts,海山成分,HAWAIIAN EMPEROR CHAIN,,10/13/2021 
s HAWAIIAN ISLANDS.csv,Seamounts,海山成分,HAWAIIAN ISLANDS,,10/13/2021 
s HIKURANGI SEAMOUNTS.csv,Seamounts,海山成分,HIKURANGI SEAMOUNTS,,10/13/2021 
s HONSHU ARC.csv,Seamounts,海山成分,HONSHU ARC,,10/13/2021 
s IZU-BONIN ARC.csv,Seamounts,海山成分,IZU BONIN ARC,,10/13/2021 
s IZU-BONIN BACK-ARC SEAMOUNT CHAIN.csv,Seamounts,海山成分,IZU BONIN BACK ARC SEAMOUNT CHAIN,,10/13/2021 
s JAPANESE SEAMOUNT TRAIL.csv,Seamounts,海山成分,JAPANESE SEAMOUNT TRAIL,,10/13/2021 
s JUAN FERNANDEZ RIDGE.csv,Seamounts,海山成分,JUAN FERNANDEZ RIDGE,,10/13/2021 
s KAMCHATKA.csv,Seamounts,海山成分,KAMCHATKA,,10/13/2021 
s KANEI SEAMOUNT CHAIN.csv,Seamounts,海山成分,KANEI SEAMOUNT CHAIN,,10/13/2021 
s KERGUELEN.csv,Seamounts,海山成分,KERGUELEN,,10/13/2021 
s KERMADEC ARC.csv,Seamounts,海山成分,KERMADEC ARC,,10/13/2021 
s KINAN ESCARPMENT.csv,Seamounts,海山成分,KINAN ESCARPMENT,,10/13/2021 
s KINAN SEAMOUNT CHAIN.csv,Seamounts,海山成分,KINAN SEAMOUNT CHAIN,,10/13/2021 
s KURILE ARC.csv,Seamounts,海山成分,KURILE ARC,,10/13/2021 
s KYUSHU-PALAU RIDGE.csv,Seamounts,海山成分,KYUSHU PALAU RIDGE,,10/13/2021 
s LESSER ANTILLES.csv,Seamounts,海山成分,LESSER ANTILLES,,10/13/2021 
s LINE ISLANDS CHAIN.csv,Seamounts,海山成分,LINE ISLANDCHAIN,,10/13/2021 
s LORD HOWE SEAMOUNT CHAIN.csv,Seamounts,海山成分,LORD HOWE SEAMOUNT CHAIN,,10/13/2021 
s LOUISVILLE SEAMOUNT CHAIN.csv,Seamounts,海山成分,LOUISVILLE SEAMOUNT CHAIN,,10/13/2021 
s LUZON ARC.csv,Seamounts,海山成分,LUZON ARC,,10/13/2021 
s MAGELLAN SEAMOUNT TRAIL.csv,Seamounts,海山成分,MAGELLAN SEAMOUNT TRAIL,,10/13/2021 
s MALPELO RIDGE SEAMOUNTS.csv,Seamounts,海山成分,MALPELO RIDGE SEAMOUNTS,,10/13/2021 
s MANJI SEAMOUNT CHAIN.csv,Seamounts,海山成分,MANJI SEAMOUNT CHAIN,,10/13/2021 
s MARIANA ARC.csv,Seamounts,海山成分,MARIANA ARC,,10/13/2021 
s MARIANA NORTHERN SEAMOUNT PROVINCE.csv,Seamounts,海山成分,MARIANA NORTHERN SEAMOUNT PROVINCE,,10/13/2021 
s MARIE BYRD SEAMOUNTS.csv,Seamounts,海山成分,MARIE BYRD SEAMOUNTS,,10/13/2021 
s MARION ISLANDS.csv,Seamounts,海山成分,MARION ISLANDS,,10/13/2021 
s MARQUESAS.csv,Seamounts,海山成分,MARQUESAS,,10/13/2021 
s MARSHALL SEAMOUNT GROUP.csv,Seamounts,海山成分,MARSHALL SEAMOUNT GROUP,,10/13/2021 
s MEDITERRANEAN SEAMOUNTS.csv,Seamounts,海山成分,MEDITERRANEAN SEAMOUNTS,,10/13/2021 
s MID-PACIFIC MOUNTAINS.csv,Seamounts,海山成分,MID PACIFIC MOUNTAINS,,10/13/2021 
s MUSICIANS SEAMOUNTS.csv,Seamounts,海山成分,MUSICIANSEAMOUNTS,,10/13/2021 
s NEW ENGLAND SEAMOUNT CHAIN.csv,Seamounts,海山成分,NEW ENGLAND SEAMOUNT CHAIN,,10/13/2021 
s NEW HEBRIDES ARC - VANUATU ARCHIPELAGO.csv,Seamounts,海山成分,NEW HEBRIDEARC VANUATU ARCHIPELAGO,,10/13/2021 
s NORTH ATLANTIC SEAMOUNTS.csv,Seamounts,海山成分,NORTH ATLANTIC SEAMOUNTS,,10/13/2021 
s PERNAMBUCO CHAIN.csv,Seamounts,海山成分,PERNAMBUCO CHAIN,,10/13/2021 
s PITCAIRN-GAMBIER CHAIN.csv,Seamounts,海山成分,PITCAIRN GAMBIER CHAIN,,10/13/2021 
s PRATT-WELKER SEAMOUNT CHAIN.csv,Seamounts,海山成分,PRATT WELKER SEAMOUNT CHAIN,,10/13/2021 
s RALIK SEAMOUNT GROUP.csv,Seamounts,海山成分,RALIK SEAMOUNT GROUP,,10/13/2021 
s RATAK SEAMOUNT GROUP.csv,Seamounts,海山成分,RATAK SEAMOUNT GROUP,,10/13/2021 
s RED SEA SEMOUNTS.csv,Seamounts,海山成分,RED SEA SEMOUNTS,,10/13/2021 
s ROSS SEA SEAMOUNTS.csv,Seamounts,海山成分,ROSSEA SEAMOUNTS,,10/13/2021 
s SAMOAN ISLANDS.csv,Seamounts,海山成分,SAMOAN ISLANDS,,10/13/2021 
s SCOTIA ARC.csv,Seamounts,海山成分,SCOTIA ARC,,10/13/2021 
s SELVAGEN ISLANDS.csv,Seamounts,海山成分,SELVAGEN ISLANDS,,10/13/2021 
s SHIKOKU BASIN FLOOR NEAR KINAN SEAMOUNT CHAIN.csv,Seamounts,海山成分,SHIKOKU BASIN FLOOR NEAR KINAN SEAMOUNT CHAIN,,10/13/2021 
s SOCIETY ISLANDS.csv,Seamounts,海山成分,SOCIETY ISLANDS,,10/13/2021 
s SOLITARY SEAMOUNTS.csv,Seamounts,海山成分,SOLITARY SEAMOUNTS,,10/13/2021 
s SOUTHERN AZORES SEAMOUNT CHAIN.csv,Seamounts,海山成分,SOUTHERN AZORESEAMOUNT CHAIN,,10/13/2021 
s SOUTHWESTERN SEAMOUNT PROVINCE.csv,Seamounts,海山成分,SOUTHWESTERN SEAMOUNT PROVINCE,,10/13/2021 
s SUNDA ARC.csv,Seamounts,海山成分,SUNDA ARC,,10/13/2021 
s TARAVA SEAMOUNT CHAIN.csv,Seamounts,海山成分,TARAVA SEAMOUNT CHAIN,,10/13/2021 
s TASMANTID SEAMOUNTS.csv,Seamounts,海山成分,TASMANTID SEAMOUNTS,,10/13/2021 
s TOKELAU SEAMOUNTS.csv,Seamounts,海山成分,TOKELAU SEAMOUNTS,,10/13/2021 
s TONGA ARC.csv,Seamounts,海山成分,TONGA ARC,,10/13/2021 
s TORE-MADEIRA RISE.csv,Seamounts,海山成分,TORE MADEIRA RISE,,10/13/2021 
s TRINDADE-VITORIA RISE.csv,Seamounts,海山成分,TRINDADE VITORIA RISE,,10/13/2021 
s TUVALU SEAMOUNT CHAIN.csv,Seamounts,海山成分,TUVALU SEAMOUNT CHAIN,,10/13/2021 
s TYPHOON SEAMOUNT GROUP.csv,Seamounts,海山成分,TYPHOON SEAMOUNT GROUP,,10/13/2021 
s UJLAN SEAMOUNTS.csv,Seamounts,海山成分,UJLAN SEAMOUNTS,,10/13/2021 
s UNION SEAMOUNT CHAIN.csv,Seamounts,海山成分,UNION SEAMOUNT CHAIN,,10/13/2021 
s WAKE SEAMOUNT GROUP.csv,Seamounts,海山成分,WAKE SEAMOUNT GROUP,,10/13/2021 
s YAMATO SEAMOUNT CHAIN.csv,Seamounts,海山成分,YAMATO SEAMOUNT CHAIN,,10/13/2021 
AGULHAS RIDGE.csv,Submarine_Ridges,海底山脊,AGULHARIDGE,,10/13/2021 
BOLLONS FRACTURE ZONE.csv,Submarine_Ridges,海底山脊,BOLLONFRACTURE ZONE,,10/13/2021 
BROKEN RIDGE.csv,Submarine_Ridges,海底山脊,BROKEN RIDGE,,10/13/2021 
CAPE VERDE RIDGE.csv,Submarine_Ridges,海底山脊,CAPE VERDE RIDGE,,10/13/2021 
CARNEGIE RIDGE.csv,Submarine_Ridges,海底山脊,CARNEGIE RIDGE,,10/13/2021 
CHAGOS-LACCADIVE RIDGE.csv,Submarine_Ridges,海底山脊,CHAGOS LACCADIVE RIDGE,,10/13/2021 
COCOS RIDGE.csv,Submarine_Ridges,海底山脊,COCORIDGE,,10/13/2021 
COIBA RIDGE.csv,Submarine_Ridges,海底山脊,COIBA RIDGE,,10/13/2021 
COSTA RICA RIFT.csv,Submarine_Ridges,海底山脊,COSTA RICA RIFT,,10/13/2021 
EAST PACIFIC RISE.csv,Submarine_Ridges,海底山脊,EAST PACIFIC RISE,,10/13/2021 
GALAPAGOS RIDGE.csv,Submarine_Ridges,海底山脊,GALAPAGORIDGE,,10/13/2021 
ISLAS ORCADAS RISE.csv,Submarine_Ridges,海底山脊,ISLAORCADARISE,,10/13/2021 
J-ANOMALY RIDGE.csv,Submarine_Ridges,海底山脊,J ANOMALY RIDGE,,10/13/2021 
JUAN DE FUCA RIDGE.csv,Submarine_Ridges,海底山脊,JUAN DE FUCA RIDGE,,10/13/2021 
KARIN RIDGE;PACIFIC.csv,Submarine_Ridges,海底山脊,KARIN RIDGE;PACIFIC,,10/13/2021 
KELI RIDGE.csv,Submarine_Ridges,海底山脊,KELI RIDGE,,10/13/2021 
KOLBEINSEY RIDGE.csv,Submarine_Ridges,海底山脊,KOLBEINSEY RIDGE,,10/13/2021 
MADAGASCAR RIDGE.csv,Submarine_Ridges,海底山脊,MADAGASCAR RIDGE,,10/13/2021 
MEDITERRANEAN RIDGE.csv,Submarine_Ridges,海底山脊,MEDITERRANEAN RIDGE,,10/13/2021 
MENDOZA RIFT.csv,Submarine_Ridges,海底山脊,MENDOZA RIFT,,10/13/2021 
MID-ATLANTIC RIDGE.csv,Submarine_Ridges,海底山脊,MID ATLANTIC RIDGE,,10/13/2021 
MIDDLE AMERICA TRENCH.csv,Submarine_Ridges,海底山脊,MIDDLE AMERICA TRENCH,,10/13/2021 
NINETYEAST RIDGE.csv,Submarine_Ridges,海底山脊,NINETYEAST RIDGE,,10/13/2021 
PACIFIC ANTARCTIC RIDGE.csv,Submarine_Ridges,海底山脊,PACIFIC ANTARCTIC RIDGE,,10/13/2021 
SOUTHERN MOHNS RIDGE.csv,Submarine_Ridges,海底山脊,SOUTHERN MOHNRIDGE,,10/13/2021 
SOUTH ATLANTIC RIDGE.csv,Submarine_Ridges,海底山脊,SOUTH ATLANTIC RIDGE,,10/13/2021 
SOUTH WEST INDIAN RIDGE.csv,Submarine_Ridges,海底山脊,SOUTH WEST INDIAN RIDGE,,10/13/2021 
WALVIS RIDGE.csv,Submarine_Ridges,海底山脊,WALVIRIDGE,,10/13/2021 
